,date,close_price_usd,dow,week,rolling_3_day_average_closing_price_usd,rolling_7_day_average_closing_price_usd
0,2020-10-17,11274.24,5,2020-10-12,,
1,2020-10-16,11319.32,4,2020-10-12,,
2,2020-10-15,11505.12,3,2020-10-12,11366.226666666667,
3,2020-10-14,11417.89,2,2020-10-12,11414.11,
4,2020-10-13,11420.56,1,2020-10-12,11447.856666666667,
5,2020-10-12,11528.25,0,2020-10-12,11455.566666666666,
6,2020-10-11,11369.02,6,2020-10-05,11439.276666666667,11404.914285714287
7,2020-10-10,11293.22,5,2020-10-05,11396.830000000002,11407.625714285716
8,2020-10-09,11050.64,4,2020-10-05,11237.626666666669,11369.242857142859
9,2020-10-08,10925.57,3,2020-10-05,11089.810000000003,11286.450000000003
10,2020-10-07,10666.39,2,2020-10-05,10880.866666666669,11179.092857142861
11,2020-10-06,10599.66,1,2020-10-05,10730.540000000003,11061.821428571433
12,2020-10-05,10792.21,0,2020-10-05,10686.08666666667,10956.67285714286
13,2020-10-04,10666.63,6,2020-09-28,10686.16666666667,10856.331428571431
14,2020-10-03,10542.06,5,2020-09-28,10666.966666666669,10749.02285714286
15,2020-10-02,10570.4,4,2020-09-28,10593.03,10680.417142857144
16,2020-10-01,10619.13,3,2020-09-28,10577.196666666669,10636.640000000001
17,2020-09-30,10776.59,2,2020-09-28,10655.373333333337,10652.382857142858
18,2020-09-29,10840.48,1,2020-09-28,10745.400000000001,10686.785714285714
19,2020-09-28,10696.12,0,2020-09-28,10771.063333333337,10673.058571428572
20,2020-09-27,10774.25,6,2020-09-21,10770.283333333336,10688.432857142858
21,2020-09-26,10728.6,5,2020-09-21,10732.990000000003,10715.08142857143
22,2020-09-25,10686.67,4,2020-09-21,10729.840000000004,10731.69142857143
23,2020-09-24,10736.32,3,2020-09-21,10717.19666666667,10748.432857142858
24,2020-09-23,10241.46,2,2020-09-21,10554.816666666671,10671.985714285713
25,2020-09-22,10529.61,1,2020-09-21,10502.463333333339,10627.575714285715
26,2020-09-21,10417.22,0,2020-09-21,10396.096666666672,10587.732857142857
27,2020-09-20,10920.28,6,2020-09-14,10622.370000000004,10608.594285714285
28,2020-09-19,11080.65,5,2020-09-14,10806.050000000005,10658.887142857142
29,2020-09-18,10933.39,4,2020-09-14,10978.106666666672,10694.132857142857
30,2020-09-17,10939.99,3,2020-09-14,10984.676666666672,10723.228571428572
31,2020-09-16,10954.01,2,2020-09-14,10942.463333333339,10825.021428571428
32,2020-09-15,10785.31,1,2020-09-14,10893.103333333338,10861.55
33,2020-09-14,10671.77,0,2020-09-14,10803.696666666672,10897.914285714285
34,2020-09-13,10332.83,6,2020-09-07,10596.636666666673,10813.992857142857
35,2020-09-12,10440.92,5,2020-09-07,10481.840000000006,10722.602857142858
36,2020-09-11,10387.89,4,2020-09-07,10387.213333333339,10644.674285714285
37,2020-09-10,10336.87,3,2020-09-07,10388.560000000005,10558.514285714284
38,2020-09-09,10219.2,2,2020-09-07,10314.653333333341,10453.541428571427
39,2020-09-08,10126.65,1,2020-09-07,10227.573333333341,10359.447142857141
40,2020-09-07,10373.44,0,2020-09-07,10239.763333333342,10316.82857142857
41,2020-09-06,10256.2,6,2020-08-31,10252.096666666674,10305.881428571427
42,2020-09-05,10166.69,5,2020-08-31,10265.443333333338,10266.705714285712
43,2020-09-04,10446.25,4,2020-08-31,10289.713333333339,10275.042857142855
44,2020-09-03,10140.85,3,2020-08-31,10251.263333333338,10247.039999999999
45,2020-09-02,11388.54,2,2020-08-31,10658.54666666667,10414.088571428572
46,2020-09-01,11921.97,1,2020-08-31,11150.453333333338,10670.562857142859
47,2020-08-31,11649.51,0,2020-08-31,11653.340000000006,10852.858571428573
48,2020-08-30,11711.16,6,2020-08-24,11760.880000000006,11060.710000000003
49,2020-08-29,11465.84,5,2020-08-24,11608.836666666675,11246.302857142859
50,2020-08-28,11526.91,4,2020-08-24,11567.970000000008,11400.68285714286
51,2020-08-27,11330.38,3,2020-08-24,11441.04333333334,11570.615714285716
52,2020-08-26,11461.43,2,2020-08-24,11439.57333333334,11581.028571428573
53,2020-08-25,11318.42,1,2020-08-24,11370.07666666667,11494.807142857144
54,2020-08-24,11748.2,0,2020-08-24,11509.350000000004,11508.905714285716
55,2020-08-23,11648.13,6,2020-08-17,11571.583333333336,11499.901428571431
56,2020-08-22,11662.96,5,2020-08-17,11686.430000000002,11528.061428571431
57,2020-08-21,11531.34,4,2020-08-17,11614.143333333335,11528.694285714288
58,2020-08-20,11853.55,3,2020-08-17,11682.61666666667,11603.43285714286
59,2020-08-19,11754.59,2,2020-08-17,11713.160000000005,11645.312857142857
60,2020-08-18,11945.01,1,2020-08-17,11851.050000000008,11734.825714285715
61,2020-08-17,12281.13,0,2020-08-17,11993.576666666675,11810.958571428573
62,2020-08-16,11911.0,6,2020-08-10,12045.713333333342,11848.511428571428
63,2020-08-15,11852.4,5,2020-08-10,12014.843333333343,11875.574285714285
64,2020-08-14,11760.54,4,2020-08-10,11841.313333333344,11908.317142857142
65,2020-08-13,11780.0,3,2020-08-10,11797.646666666677,11897.81
66,2020-08-12,11564.33,2,2020-08-10,11701.623333333344,11870.630000000001
67,2020-08-11,11392.08,1,2020-08-10,11578.803333333344,11791.640000000001
68,2020-08-10,11892.92,0,2020-08-10,11616.443333333344,11736.18142857143
69,2020-08-09,11681.68,6,2020-08-03,11655.56000000001,11703.42142857143
70,2020-08-08,11761.41,5,2020-08-03,11778.670000000007,11690.42285714286
71,2020-08-07,11594.23,4,2020-08-03,11679.106666666674,11666.664285714289
72,2020-08-06,11762.46,3,2020-08-03,11706.03333333334,11664.158571428574
73,2020-08-05,11744.91,2,2020-08-03,11700.53333333334,11689.955714285717
74,2020-08-04,11191.97,1,2020-08-03,11566.446666666676,11661.368571428573
75,2020-08-03,11219.81,0,2020-08-03,11385.56333333334,11565.210000000003
76,2020-08-02,11071.35,6,2020-07-27,11161.04333333334,11478.020000000002
77,2020-08-01,11801.17,5,2020-07-27,11364.110000000006,11483.7
78,2020-07-31,11335.46,4,2020-07-27,11402.660000000005,11446.73285714286
79,2020-07-30,11099.61,3,2020-07-27,11412.080000000007,11352.040000000005
80,2020-07-29,11100.53,2,2020-07-27,11178.53333333334,11259.985714285718
81,2020-07-28,10906.27,1,2020-07-27,11035.470000000008,11219.171428571432
82,2020-07-27,11029.96,0,2020-07-27,11012.253333333341,11192.050000000005
83,2020-07-26,9931.54,6,2020-07-20,10622.59000000001,11029.220000000005
84,2020-07-25,9700.42,5,2020-07-20,10220.640000000009,10729.112857142862
85,2020-07-24,9537.8,4,2020-07-20,9723.253333333341,10472.30428571429
86,2020-07-23,9603.27,3,2020-07-20,9613.830000000009,10258.541428571434
87,2020-07-22,9518.16,2,2020-07-20,9553.076666666675,10032.488571428577
88,2020-07-21,9390.0,1,2020-07-20,9503.810000000009,9815.878571428577
89,2020-07-20,9160.78,0,2020-07-20,9356.313333333343,9548.852857142861
90,2020-07-19,9208.99,6,2020-07-13,9253.256666666677,9445.631428571434
91,2020-07-18,9170.28,5,2020-07-13,9180.016666666677,9369.89714285715
92,2020-07-17,9154.32,4,2020-07-13,9177.863333333344,9315.11428571429
93,2020-07-16,9133.72,3,2020-07-13,9152.773333333345,9248.03571428572
94,2020-07-15,9197.6,2,2020-07-13,9161.880000000012,9202.241428571433
95,2020-07-14,9255.85,1,2020-07-13,9195.723333333344,9183.077142857148
96,2020-07-13,9242.62,0,2020-07-13,9232.023333333345,9194.768571428576
97,2020-07-12,9302.75,6,2020-07-06,9267.073333333346,9208.162857142863
98,2020-07-11,9234.03,5,2020-07-06,9259.800000000012,9217.270000000006
99,2020-07-10,9288.34,4,2020-07-06,9275.04000000001,9236.41571428572
100,2020-07-09,9232.43,3,2020-07-06,9251.600000000011,9250.517142857148
101,2020-07-08,9436.06,2,2020-07-06,9318.943333333344,9284.582857142863
102,2020-07-07,9257.39,1,2020-07-06,9308.626666666676,9284.802857142862
103,2020-07-06,9344.2,0,2020-07-06,9345.883333333344,9299.31428571429
104,2020-07-05,9069.41,6,2020-06-29,9223.666666666677,9265.980000000005
105,2020-07-04,9135.46,5,2020-06-29,9183.023333333344,9251.898571428577
106,2020-07-03,9058.26,4,2020-06-29,9087.71000000001,9219.030000000004
107,2020-07-02,9086.54,3,2020-06-29,9093.42000000001,9198.188571428576
108,2020-07-01,9232.0,2,2020-06-29,9125.600000000008,9169.037142857149
109,2020-06-30,9138.55,1,2020-06-29,9152.36333333334,9152.060000000007
110,2020-06-29,9192.56,0,2020-06-29,9187.703333333338,9130.39714285715
111,2020-06-28,9116.35,6,2020-06-22,9149.153333333337,9137.102857142863
112,2020-06-27,9012.0,5,2020-06-22,9106.970000000005,9119.465714285721
113,2020-06-26,9162.21,4,2020-06-22,9096.853333333338,9134.31571428572
114,2020-06-25,9249.49,3,2020-06-22,9141.233333333337,9157.59428571429
115,2020-06-24,9296.49,2,2020-06-22,9236.063333333337,9166.807142857147
116,2020-06-23,9624.89,1,2020-06-22,9390.290000000003,9236.284285714291
117,2020-06-22,9685.69,0,2020-06-22,9535.690000000004,9306.731428571435
118,2020-06-21,9294.69,6,2020-06-15,9535.090000000006,9332.208571428577
119,2020-06-20,9358.95,5,2020-06-15,9446.443333333338,9381.772857142863
120,2020-06-19,9310.23,4,2020-06-15,9321.290000000003,9402.91857142858
121,2020-06-18,9386.32,3,2020-06-15,9351.833333333336,9422.465714285721
122,2020-06-17,9465.14,2,2020-06-15,9387.230000000001,9446.558571428579
123,2020-06-16,9525.59,1,2020-06-15,9459.016666666668,9432.372857142864
124,2020-06-15,9426.02,0,2020-06-15,9472.250000000002,9395.277142857149
125,2020-06-14,9342.1,6,2020-06-08,9431.23666666667,9402.050000000007
126,2020-06-13,9473.34,5,2020-06-08,9413.820000000002,9418.391428571436
127,2020-06-12,9465.13,4,2020-06-08,9426.856666666668,9440.520000000008
128,2020-06-11,9280.4,3,2020-06-08,9406.29,9425.38857142858
129,2020-06-10,9885.0,2,2020-06-08,9543.51,9485.36857142858
130,2020-06-09,9772.43,1,2020-06-08,9645.943333333336,9520.631428571438
131,2020-06-08,9782.01,0,2020-06-08,9813.14666666667,9571.487142857151
132,2020-06-07,9746.99,6,2020-06-01,9767.143333333335,9629.32857142858
133,2020-06-06,9666.3,5,2020-06-01,9731.76666666667,9656.894285714296
134,2020-06-05,9621.16,4,2020-06-01,9678.150000000001,9679.184285714295
135,2020-06-04,9789.06,3,2020-06-01,9692.173333333334,9751.85000000001
136,2020-06-03,9666.24,2,2020-06-01,9692.153333333334,9720.598571428582
137,2020-06-02,9518.04,1,2020-06-01,9657.78,9684.257142857154
138,2020-06-01,10200.77,0,2020-06-01,9795.016666666668,9744.080000000013
139,2020-05-31,9448.27,6,2020-05-25,9722.360000000002,9701.405714285725
140,2020-05-30,9697.72,5,2020-05-25,9782.253333333336,9705.894285714297
141,2020-05-29,9427.07,4,2020-05-25,9524.353333333336,9678.167142857154
142,2020-05-28,9575.89,3,2020-05-25,9566.893333333337,9647.714285714295
143,2020-05-27,9204.07,2,2020-05-25,9402.343333333338,9581.690000000008
144,2020-05-26,8841.18,1,2020-05-25,9207.04666666667,9484.995714285722
145,2020-05-25,8900.35,0,2020-05-25,8981.86666666667,9299.221428571438
146,2020-05-24,8720.34,6,2020-05-18,8820.623333333338,9195.231428571436
147,2020-05-23,9179.15,5,2020-05-18,8933.280000000006,9121.150000000007
148,2020-05-22,9170.0,4,2020-05-18,9023.16333333334,9084.42571428572
149,2020-05-21,9068.65,3,2020-05-18,9139.266666666674,9011.962857142864
150,2020-05-20,9511.43,2,2020-05-18,9250.026666666674,9055.871428571434
151,2020-05-19,9775.53,1,2020-05-18,9451.870000000008,9189.350000000008
152,2020-05-18,9733.93,0,2020-05-18,9673.630000000006,9308.432857142865
153,2020-05-17,9680.04,6,2020-05-11,9729.833333333341,9445.532857142865
154,2020-05-16,9381.27,5,2020-05-11,9598.41333333334,9474.407142857151
155,2020-05-15,9316.42,4,2020-05-11,9459.24333333334,9495.324285714294
156,2020-05-14,9791.98,3,2020-05-11,9496.556666666673,9598.657142857151
157,2020-05-13,9309.37,2,2020-05-11,9472.590000000007,9569.791428571438
158,2020-05-12,8810.79,1,2020-05-11,9304.046666666676,9431.97142857144
159,2020-05-11,8561.52,0,2020-05-11,8893.893333333344,9264.484285714298
160,2020-05-10,8722.77,6,2020-05-04,8698.36000000001,9127.73142857144
161,2020-05-09,9539.4,5,2020-05-04,8941.23000000001,9150.321428571438
162,2020-05-08,9800.01,4,2020-05-04,9354.06000000001,9219.405714285724
163,2020-05-07,9986.4,3,2020-05-04,9775.27000000001,9247.18000000001
164,2020-05-06,9142.92,2,2020-05-04,9643.11000000001,9223.401428571438
165,2020-05-05,9021.83,1,2020-05-04,9383.716666666676,9253.550000000008
166,2020-05-04,8871.96,0,2020-05-04,9012.236666666677,9297.898571428579
167,2020-05-03,8894.16,6,2020-04-27,8929.316666666675,9322.382857142864
168,2020-05-02,8972.05,5,2020-04-27,8912.723333333342,9241.332857142865
169,2020-05-01,8826.96,4,2020-04-27,8897.723333333342,9102.325714285722
170,2020-04-30,8620.0,3,2020-04-27,8806.336666666675,8907.125714285723
171,2020-04-29,8778.57,2,2020-04-27,8741.843333333343,8855.075714285722
172,2020-04-28,7738.98,1,2020-04-27,8379.183333333343,8671.811428571436
173,2020-04-27,7774.62,0,2020-04-27,8097.390000000011,8515.048571428579
174,2020-04-26,7693.1,6,2020-04-20,7735.5666666666775,8343.468571428577
175,2020-04-25,7538.67,5,2020-04-20,7668.796666666677,8138.700000000005
176,2020-04-24,7505.0,4,2020-04-20,7578.923333333344,7949.848571428577
177,2020-04-23,7482.39,3,2020-04-20,7508.686666666678,7787.332857142863
178,2020-04-22,7125.14,2,2020-04-20,7370.843333333345,7551.128571428577
179,2020-04-21,6841.37,1,2020-04-20,7149.633333333345,7422.898571428576
180,2020-04-20,6826.83,0,2020-04-20,6931.113333333345,7287.5000000000055
181,2020-04-19,7120.74,6,2020-04-13,6929.646666666677,7205.734285714291
182,2020-04-18,7248.6,5,2020-04-13,7065.39000000001,7164.295714285719
183,2020-04-17,7027.55,4,2020-04-13,7132.296666666676,7096.088571428577
184,2020-04-16,7101.94,3,2020-04-13,7126.030000000009,7041.738571428577
185,2020-04-15,6621.24,2,2020-04-13,6916.910000000008,6969.752857142863
186,2020-04-14,6868.7,1,2020-04-13,6863.960000000009,6973.657142857148
187,2020-04-13,6837.91,0,2020-04-13,6775.950000000009,6975.240000000005
188,2020-04-12,6903.79,6,2020-04-06,6870.133333333343,6944.247142857149
189,2020-04-11,6876.83,5,2020-04-06,6872.843333333344,6891.137142857149
190,2020-04-10,6858.92,4,2020-04-06,6879.846666666678,6867.047142857148
191,2020-04-09,7283.54,3,2020-04-06,7006.430000000011,6892.990000000005
192,2020-04-08,7361.28,2,2020-04-06,7167.913333333345,6998.7100000000055
193,2020-04-07,7197.32,1,2020-04-06,7280.713333333345,7045.65571428572
194,2020-04-06,7329.9,0,2020-04-06,7296.166666666679,7115.940000000007
195,2020-04-05,6772.78,6,2020-03-30,7100.000000000012,7097.224285714292
196,2020-04-04,6856.99,5,2020-03-30,6986.556666666678,7094.390000000006
197,2020-04-03,6734.1,4,2020-03-30,6787.956666666677,7076.558571428577
198,2020-04-02,6794.09,3,2020-03-30,6795.060000000011,7006.637142857149
199,2020-04-01,6642.92,2,2020-03-30,6723.703333333346,6904.014285714292
200,2020-03-31,6410.44,1,2020-03-30,6615.8166666666775,6791.602857142863
201,2020-03-30,6394.38,0,2020-03-30,6482.580000000012,6657.957142857149
202,2020-03-29,5881.42,6,2020-03-23,6228.746666666678,6530.620000000005
203,2020-03-28,6236.65,5,2020-03-23,6170.816666666679,6442.000000000006
204,2020-03-27,6359.11,4,2020-03-23,6159.060000000012,6388.430000000007
205,2020-03-26,6737.36,3,2020-03-23,6444.373333333347,6380.32571428572
206,2020-03-25,6677.43,2,2020-03-23,6591.300000000013,6385.25571428572
207,2020-03-24,6744.72,1,2020-03-23,6719.83666666668,6433.010000000007
208,2020-03-23,6467.31,0,2020-03-23,6629.820000000013,6443.428571428578
209,2020-03-22,5816.19,6,2020-03-16,6342.7400000000125,6434.110000000007
210,2020-03-21,6186.98,5,2020-03-16,6156.826666666679,6427.014285714292
211,2020-03-20,6208.36,4,2020-03-16,6070.510000000012,6405.478571428577
212,2020-03-19,6162.37,3,2020-03-16,6185.9033333333455,6323.337142857149
213,2020-03-18,5393.04,2,2020-03-16,5921.256666666679,6139.852857142863
214,2020-03-17,5312.64,1,2020-03-16,5622.683333333345,5935.270000000006
215,2020-03-16,5028.97,0,2020-03-16,5244.883333333346,5729.792857142864
216,2020-03-15,5361.3,6,2020-03-09,5234.303333333345,5664.808571428578
217,2020-03-14,5172.06,5,2020-03-09,5187.443333333346,5519.820000000007
218,2020-03-13,5578.6,4,2020-03-09,5370.6533333333455,5429.854285714292
219,2020-03-12,4800.0,3,2020-03-09,5183.553333333345,5235.230000000006
220,2020-03-11,7934.52,2,2020-03-09,6104.373333333345,5598.298571428578
221,2020-03-10,7894.56,1,2020-03-09,6876.360000000012,5967.144285714292
222,2020-03-09,7929.87,0,2020-03-09,7919.650000000012,6381.558571428578
223,2020-03-08,8033.31,6,2020-03-02,7952.580000000013,6763.274285714292
224,2020-03-07,8886.66,5,2020-03-02,8283.280000000012,7293.931428571435
225,2020-03-06,9131.88,4,2020-03-02,8683.950000000013,7801.542857142864
226,2020-03-05,9054.68,3,2020-03-02,9024.40666666668,8409.354285714293
227,2020-03-04,8750.87,2,2020-03-02,8979.143333333346,8525.975714285722
228,2020-03-03,8760.07,1,2020-03-02,8855.206666666681,8649.620000000008
229,2020-03-02,8915.24,0,2020-03-02,8808.726666666682,8790.387142857151
230,2020-03-01,8531.88,6,2020-02-24,8735.730000000012,8861.611428571438
231,2020-02-29,8523.61,5,2020-02-24,8656.910000000013,8809.74714285715
232,2020-02-28,8692.91,4,2020-02-24,8582.800000000016,8747.03714285715
233,2020-02-27,8823.21,3,2020-02-24,8679.910000000016,8713.970000000008
234,2020-02-26,8785.25,2,2020-02-24,8767.12333333335,8718.881428571438
235,2020-02-25,9315.84,1,2020-02-24,8974.766666666683,8798.277142857152
236,2020-02-24,9656.13,0,2020-02-24,9252.406666666684,8904.11857142858
237,2020-02-23,9936.4,6,2020-02-17,9636.123333333351,9104.764285714296
238,2020-02-22,9650.86,5,2020-02-17,9747.796666666685,9265.800000000012
239,2020-02-21,9677.05,4,2020-02-17,9754.770000000019,9406.39142857144
240,2020-02-20,9596.42,3,2020-02-17,9641.44333333335,9516.85000000001
241,2020-02-19,9593.79,2,2020-02-17,9622.420000000018,9632.355714285726
242,2020-02-18,10164.71,1,2020-02-17,9784.973333333352,9753.622857142867
243,2020-02-17,9706.0,0,2020-02-17,9821.50000000002,9760.747142857153
244,2020-02-16,9917.27,6,2020-02-10,9929.326666666688,9758.014285714296
245,2020-02-15,9904.72,5,2020-02-10,9842.663333333354,9794.280000000012
246,2020-02-14,10344.36,4,2020-02-10,10055.45000000002,9889.610000000011
247,2020-02-13,10229.63,3,2020-02-10,10159.57000000002,9980.068571428583
248,2020-02-12,10326.46,2,2020-02-10,10300.150000000018,10084.735714285725
249,2020-02-11,10223.08,1,2020-02-10,10259.723333333352,10093.074285714296
250,2020-02-10,9851.83,0,2020-02-10,10133.79000000002,10113.907142857153
251,2020-02-09,10151.75,6,2020-02-03,10075.553333333353,10147.404285714296
252,2020-02-08,9895.05,5,2020-02-03,9966.210000000021,10146.022857142869
253,2020-02-07,9813.73,4,2020-02-03,9953.510000000018,10070.218571428582
254,2020-02-06,9772.0,3,2020-02-03,9826.926666666686,10004.842857142867
255,2020-02-05,9612.04,2,2020-02-03,9732.59000000002,9902.782857142867
256,2020-02-04,9197.02,1,2020-02-03,9527.02000000002,9756.202857142867
257,2020-02-03,9292.24,0,2020-02-03,9367.10000000002,9676.261428571439
258,2020-02-02,9331.51,6,2020-01-27,9273.59000000002,9559.084285714296
259,2020-02-01,9384.61,5,2020-01-27,9336.12000000002,9486.164285714296
260,2020-01-31,9352.89,4,2020-01-27,9356.336666666686,9420.33000000001
261,2020-01-30,9513.21,3,2020-01-27,9416.903333333352,9383.360000000011
262,2020-01-29,9301.53,2,2020-01-27,9389.21000000002,9339.001428571439
263,2020-01-28,9374.21,1,2020-01-27,9396.316666666686,9364.314285714296
264,2020-01-27,8907.57,0,2020-01-27,9194.436666666685,9309.36142857144
265,2020-01-26,8615.0,6,2020-01-20,8965.593333333352,9207.002857142868
266,2020-01-25,8340.58,5,2020-01-20,8621.05000000002,9057.855714285726
267,2020-01-24,8439.0,4,2020-01-20,8464.86000000002,8927.300000000012
268,2020-01-23,8404.52,3,2020-01-20,8394.70000000002,8768.915714285726
269,2020-01-22,8682.36,2,2020-01-20,8508.626666666687,8680.462857142868
270,2020-01-21,8736.03,1,2020-01-20,8607.636666666687,8589.294285714297
271,2020-01-20,8642.35,0,2020-01-20,8686.913333333354,8551.405714285725
272,2020-01-19,8701.7,6,2020-01-13,8693.36000000002,8563.79142857144
273,2020-01-18,8915.96,5,2020-01-13,8753.336666666686,8645.988571428583
274,2020-01-17,8913.28,4,2020-01-13,8843.646666666687,8713.74285714287
275,2020-01-16,8720.01,3,2020-01-13,8849.75000000002,8758.812857142868
276,2020-01-15,8821.41,2,2020-01-13,8818.233333333354,8778.677142857154
277,2020-01-14,8810.01,1,2020-01-13,8783.810000000021,8789.245714285726
278,2020-01-13,8110.34,0,2020-01-13,8580.586666666686,8713.244285714296
279,2020-01-12,8184.98,6,2020-01-06,8368.443333333355,8639.427142857154
280,2020-01-11,8020.01,5,2020-01-06,8105.11000000002,8511.434285714296
281,2020-01-10,8197.02,4,2020-01-06,8134.003333333353,8409.11142857144
282,2020-01-09,7817.76,3,2020-01-06,8011.596666666687,8280.21857142858
283,2020-01-08,8055.98,2,2020-01-06,8023.586666666687,8170.871428571438
284,2020-01-07,8145.28,1,2020-01-06,8006.340000000019,8075.910000000009
285,2020-01-06,7758.0,0,2020-01-06,7986.42000000002,8025.575714285723
286,2020-01-05,7358.75,6,2019-12-30,7754.01000000002,7907.542857142866
287,2020-01-04,7354.11,5,2019-12-30,7490.286666666688,7812.414285714294
288,2020-01-03,7344.96,4,2019-12-30,7352.6066666666875,7690.6914285714365
289,2020-01-02,6965.71,3,2019-12-30,7221.593333333353,7568.9700000000075
290,2020-01-01,7200.85,2,2019-12-30,7170.506666666687,7446.808571428578
291,2019-12-31,7195.23,1,2019-12-30,7120.596666666687,7311.087142857149
292,2019-12-30,7246.0,0,2019-12-30,7214.026666666688,7237.944285714292
293,2019-12-29,7388.24,6,2019-12-23,7276.4900000000225,7242.157142857149
294,2019-12-28,7316.14,5,2019-12-23,7316.793333333356,7236.732857142863
295,2019-12-27,7254.74,4,2019-12-23,7319.70666666669,7223.844285714292
296,2019-12-26,7202.0,3,2019-12-23,7257.62666666669,7257.600000000006
297,2019-12-25,7204.63,2,2019-12-23,7220.456666666691,7258.140000000006
298,2019-12-24,7255.77,1,2019-12-23,7220.800000000025,7266.7885714285785
299,2019-12-23,7317.09,0,2019-12-23,7259.163333333358,7276.944285714292
300,2019-12-22,7501.44,6,2019-12-16,7358.100000000024,7293.115714285721
301,2019-12-21,7132.75,5,2019-12-16,7317.093333333357,7266.91714285715
302,2019-12-20,7187.83,4,2019-12-16,7274.006666666691,7257.358571428579
303,2019-12-19,7150.3,3,2019-12-16,7156.960000000025,7249.972857142865
304,2019-12-18,7277.83,2,2019-12-16,7205.320000000024,7260.4300000000085
305,2019-12-17,6623.82,1,2019-12-16,7017.31666666669,7170.151428571437
306,2019-12-16,6891.72,0,2019-12-16,6931.123333333358,7109.3842857142945
307,2019-12-15,7118.59,6,2019-12-09,6878.043333333357,7054.6914285714365
308,2019-12-14,7064.05,5,2019-12-09,7024.78666666669,7044.877142857151
309,2019-12-13,7258.48,4,2019-12-09,7147.040000000023,7054.9700000000075
310,2019-12-12,7198.08,3,2019-12-09,7173.53666666669,7061.795714285721
311,2019-12-11,7210.0,2,2019-12-09,7222.18666666669,7052.105714285722
312,2019-12-10,7224.13,1,2019-12-09,7210.73666666669,7137.864285714292
313,2019-12-09,7338.64,0,2019-12-09,7257.590000000023,7201.710000000006
314,2019-12-08,7510.11,6,2019-12-02,7357.62666666669,7257.641428571435
315,2019-12-07,7488.21,5,2019-12-02,7445.653333333356,7318.235714285721
316,2019-12-06,7527.47,4,2019-12-02,7508.59666666669,7356.662857142864
317,2019-12-05,7389.0,3,2019-12-02,7468.22666666669,7383.9371428571485
318,2019-12-04,7194.32,2,2019-12-02,7370.263333333357,7381.697142857149
319,2019-12-03,7292.71,1,2019-12-02,7292.010000000023,7391.494285714291
320,2019-12-02,7294.28,0,2019-12-02,7260.436666666689,7385.157142857149
321,2019-12-01,7390.89,6,2019-11-25,7325.960000000022,7368.12571428572
322,2019-11-30,7541.89,5,2019-11-25,7409.020000000022,7375.794285714292
323,2019-11-29,7739.68,4,2019-11-25,7557.486666666689,7406.110000000006
324,2019-11-28,7419.49,3,2019-11-25,7567.020000000023,7410.4657142857195
325,2019-11-27,7508.52,2,2019-11-25,7555.89666666669,7455.351428571435
326,2019-11-26,7156.14,1,2019-11-25,7361.383333333357,7435.841428571434
327,2019-11-25,7109.57,0,2019-11-25,7258.07666666669,7409.454285714292
328,2019-11-24,6903.28,6,2019-11-18,7056.330000000023,7339.79571428572
329,2019-11-23,7311.57,5,2019-11-18,7108.140000000022,7306.892857142863
330,2019-11-22,7268.23,4,2019-11-18,7161.026666666689,7239.542857142863
331,2019-11-21,7627.74,3,2019-11-18,7402.513333333355,7269.292857142863
332,2019-11-20,8098.01,2,2019-11-18,7664.660000000023,7353.5057142857195
333,2019-11-19,8133.64,1,2019-11-18,7953.130000000023,7493.148571428576
334,2019-11-18,8187.17,0,2019-11-18,8139.606666666691,7647.091428571433
335,2019-11-17,8502.4,6,2019-11-11,8274.403333333357,7875.537142857148
336,2019-11-16,8491.02,5,2019-11-11,8393.530000000022,8044.030000000006
337,2019-11-15,8471.73,4,2019-11-11,8488.383333333355,8215.958571428579
338,2019-11-14,8646.68,3,2019-11-11,8536.47666666669,8361.521428571436
339,2019-11-13,8777.12,2,2019-11-11,8631.843333333356,8458.537142857149
340,2019-11-12,8821.94,1,2019-11-11,8748.580000000022,8556.865714285721
341,2019-11-11,8733.27,0,2019-11-11,8777.443333333356,8634.880000000006
342,2019-11-10,9039.47,6,2019-11-04,8864.893333333355,8711.604285714293
343,2019-11-09,8809.41,5,2019-11-04,8860.716666666689,8757.088571428578
344,2019-11-08,8773.73,4,2019-11-04,8874.203333333355,8800.231428571435
345,2019-11-07,9216.2,3,2019-11-04,8933.113333333355,8881.591428571433
346,2019-11-06,9339.05,2,2019-11-04,9109.66000000002,8961.867142857147
347,2019-11-05,9308.66,1,2019-11-04,9287.97000000002,9031.398571428575
348,2019-11-04,9393.35,0,2019-11-04,9347.02000000002,9125.695714285717
349,2019-11-03,9194.71,6,2019-10-28,9298.906666666688,9147.87285714286
350,2019-11-02,9289.52,5,2019-10-28,9292.526666666688,9216.460000000003
351,2019-11-01,9231.61,4,2019-10-28,9238.613333333355,9281.871428571432
352,2019-10-31,9140.85,3,2019-10-28,9220.66000000002,9271.107142857147
353,2019-10-30,9154.72,2,2019-10-28,9175.726666666687,9244.77428571429
354,2019-10-29,9407.62,1,2019-10-28,9234.396666666687,9258.911428571431
355,2019-10-28,9205.14,0,2019-10-28,9255.826666666688,9232.02428571429
356,2019-10-27,9529.93,6,2019-10-21,9380.896666666687,9279.912857142861
357,2019-10-26,9230.0,5,2019-10-21,9321.690000000019,9271.410000000002
358,2019-10-25,8655.02,4,2019-10-21,9138.316666666686,9189.040000000003
359,2019-10-24,7412.41,3,2019-10-21,8432.476666666686,8942.120000000003
360,2019-10-23,7466.62,2,2019-10-21,7844.6833333333525,8700.96285714286
361,2019-10-22,8020.0,1,2019-10-21,7633.010000000019,8502.731428571431
362,2019-10-21,8197.27,0,2019-10-21,7894.630000000019,8358.750000000002
363,2019-10-20,8223.35,6,2019-10-14,8146.873333333352,8172.095714285717
364,2019-10-19,7948.01,5,2019-10-14,8122.876666666685,7988.954285714289
365,2019-10-18,7947.01,4,2019-10-14,8039.456666666686,7887.810000000004
366,2019-10-17,8070.58,3,2019-10-14,7988.533333333352,7981.83428571429
367,2019-10-16,7991.74,2,2019-10-14,8003.110000000018,8056.851428571432
368,2019-10-15,8159.29,1,2019-10-14,8073.870000000017,8076.750000000003
369,2019-10-14,8348.2,0,2019-10-14,8166.410000000018,8098.311428571432
370,2019-10-13,8275.01,6,2019-10-07,8260.833333333352,8105.691428571432
371,2019-10-12,8300.09,5,2019-10-07,8307.766666666685,8155.988571428575
372,2019-10-11,8258.5,4,2019-10-07,8277.866666666685,8200.487142857146
373,2019-10-10,8558.03,3,2019-10-07,8372.206666666685,8270.12285714286
374,2019-10-09,8560.74,2,2019-10-07,8459.090000000017,8351.408571428574
375,2019-10-08,8168.39,1,2019-10-07,8429.053333333351,8352.708571428575
376,2019-10-07,8190.09,0,2019-10-07,8306.406666666686,8330.121428571434
377,2019-10-06,7854.25,6,2019-09-30,8070.910000000021,8270.012857142861
378,2019-10-05,8126.19,5,2019-09-30,8056.843333333353,8245.170000000004
379,2019-10-04,8137.13,4,2019-09-30,8039.1900000000205,8227.831428571433
380,2019-10-03,8223.96,3,2019-09-30,8162.426666666687,8180.107142857147
381,2019-10-02,8359.94,2,2019-09-30,8240.343333333354,8151.421428571433
382,2019-10-01,8292.44,1,2019-09-30,8292.113333333353,8169.142857142862
383,2019-09-30,8289.34,0,2019-09-30,8313.906666666686,8183.321428571435
384,2019-09-29,8043.82,6,2019-09-23,8208.533333333353,8210.402857142863
385,2019-09-28,8198.81,5,2019-09-23,8177.323333333351,8220.777142857149
386,2019-09-27,8177.91,4,2019-09-23,8140.180000000018,8226.602857142865
387,2019-09-26,8063.73,3,2019-09-23,8146.816666666684,8203.712857142866
388,2019-09-25,8430.05,2,2019-09-23,8223.896666666684,8213.728571428579
389,2019-09-24,8493.14,1,2019-09-23,8328.973333333352,8242.400000000007
390,2019-09-23,9702.25,0,2019-09-23,8875.146666666686,8444.244285714292
391,2019-09-22,10028.87,6,2019-09-16,9408.086666666686,8727.822857142864
392,2019-09-21,9986.39,5,2019-09-16,9905.836666666684,8983.191428571436
393,2019-09-20,10168.59,4,2019-09-16,10061.28333333335,9267.574285714292
394,2019-09-19,10244.29,3,2019-09-16,10133.090000000017,9579.082857142866
395,2019-09-18,10156.99,2,2019-09-16,10189.956666666681,9825.78857142858
396,2019-09-17,10187.82,1,2019-09-16,10196.366666666681,10067.885714285721
397,2019-09-16,10251.31,0,2019-09-16,10198.706666666681,10146.322857142864
398,2019-09-15,10302.01,6,2019-09-09,10247.046666666683,10185.342857142865
399,2019-09-14,10335.02,5,2019-09-09,10296.11333333335,10235.147142857151
400,2019-09-13,10342.06,4,2019-09-09,10326.36333333335,10259.92857142858
401,2019-09-12,10415.01,3,2019-09-09,10364.030000000015,10284.317142857151
402,2019-09-11,10158.33,2,2019-09-09,10305.13333333335,10284.50857142858
403,2019-09-10,10098.15,1,2019-09-09,10223.830000000016,10271.698571428578
404,2019-09-09,10303.12,0,2019-09-09,10186.53333333335,10279.100000000006
405,2019-09-08,10381.18,6,2019-09-02,10260.816666666682,10290.410000000005
406,2019-09-07,10455.88,5,2019-09-02,10380.060000000014,10307.67571428572
407,2019-09-06,10298.73,4,2019-09-02,10378.59666666668,10301.48571428572
408,2019-09-05,10564.49,3,2019-09-02,10439.700000000013,10322.840000000007
409,2019-09-04,10567.02,2,2019-09-02,10476.74666666668,10381.224285714294
410,2019-09-03,10615.28,1,2019-09-02,10582.263333333347,10455.100000000008
411,2019-09-02,10340.0,0,2019-09-02,10507.433333333347,10460.36857142858
412,2019-09-01,9724.98,6,2019-08-26,10226.753333333347,10366.625714285723
413,2019-08-31,9587.47,5,2019-08-26,9884.150000000014,10242.567142857151
414,2019-08-30,9584.54,4,2019-08-26,9632.330000000014,10140.54000000001
415,2019-08-29,9498.44,3,2019-08-26,9556.816666666682,9988.247142857153
416,2019-08-28,9721.0,2,2019-08-26,9601.32666666668,9867.387142857153
417,2019-08-27,10185.05,1,2019-08-26,9801.49666666668,9805.925714285724
418,2019-08-26,10372.25,0,2019-08-26,10092.76666666668,9810.532857142867
419,2019-08-25,10142.69,6,2019-08-19,10233.330000000014,9870.205714285725
420,2019-08-24,10134.35,5,2019-08-19,10216.430000000013,9948.33142857144
421,2019-08-23,10389.55,4,2019-08-19,10222.19666666668,10063.332857142868
422,2019-08-22,10099.88,3,2019-08-19,10207.926666666679,10149.252857142868
423,2019-08-21,10142.57,2,2019-08-19,10210.666666666679,10209.477142857155
424,2019-08-20,10760.51,1,2019-08-19,10334.320000000012,10291.685714285724
425,2019-08-19,10915.54,0,2019-08-19,10606.206666666681,10369.298571428584
426,2019-08-18,10306.78,6,2019-08-12,10660.943333333349,10392.74000000001
427,2019-08-17,10216.02,5,2019-08-12,10479.446666666683,10404.407142857153
428,2019-08-16,10331.54,4,2019-08-12,10284.780000000015,10396.12000000001
429,2019-08-15,10293.93,3,2019-08-12,10280.496666666682,10423.841428571439
430,2019-08-14,10050.37,2,2019-08-12,10225.280000000017,10410.67000000001
431,2019-08-13,10892.71,1,2019-08-12,10412.336666666683,10429.555714285723
432,2019-08-12,11396.08,0,2019-08-12,10779.720000000016,10498.204285714293
433,2019-08-11,11549.97,6,2019-08-05,11279.586666666683,10675.802857142864
434,2019-08-10,11309.31,5,2019-08-05,11418.453333333347,10831.98714285715
435,2019-08-09,11879.99,4,2019-08-05,11579.75666666668,11053.194285714291
436,2019-08-08,11999.77,3,2019-08-05,11729.690000000011,11296.88571428572
437,2019-08-07,11975.03,2,2019-08-05,11951.596666666679,11571.83714285715
438,2019-08-06,11481.69,1,2019-08-05,11818.830000000014,11655.977142857151
439,2019-08-05,11828.8,0,2019-08-05,11761.840000000011,11717.794285714293
440,2019-08-04,10929.23,6,2019-07-29,11413.24000000001,11629.11714285715
441,2019-08-03,10816.86,5,2019-07-29,11191.63000000001,11558.76714285715
442,2019-08-02,10523.75,4,2019-07-29,10756.613333333344,11365.018571428578
443,2019-08-01,10374.99,3,2019-07-29,10571.866666666678,11132.90714285715
444,2019-07-31,10080.53,2,2019-07-29,10326.423333333345,10862.264285714293
445,2019-07-30,9574.21,1,2019-07-29,10009.91000000001,10589.76714285715
446,2019-07-29,9507.64,0,2019-07-29,9720.793333333344,10258.172857142865
447,2019-07-28,9541.54,6,2019-07-22,9541.130000000012,10059.931428571437
448,2019-07-27,9476.52,5,2019-07-22,9508.566666666678,9868.454285714295
449,2019-07-26,9824.0,4,2019-07-22,9614.020000000011,9768.490000000009
450,2019-07-25,9879.87,3,2019-07-22,9726.796666666678,9697.75857142858
451,2019-07-24,9763.28,2,2019-07-22,9822.383333333344,9652.43714285715
452,2019-07-23,9864.91,1,2019-07-22,9836.020000000011,9693.965714285723
453,2019-07-22,10340.31,0,2019-07-22,9989.50000000001,9812.918571428581
454,2019-07-21,10589.45,6,2019-07-15,10264.890000000009,9962.620000000008
455,2019-07-20,10740.23,5,2019-07-15,10556.663333333341,10143.150000000007
456,2019-07-19,10504.29,4,2019-07-15,10611.323333333343,10240.334285714294
457,2019-07-18,10627.16,3,2019-07-15,10623.893333333344,10347.09000000001
458,2019-07-17,9667.92,2,2019-07-15,10266.456666666678,10333.467142857151
459,2019-07-16,9439.59,1,2019-07-15,9911.556666666678,10272.70714285715
460,2019-07-15,10838.72,0,2019-07-15,9982.076666666679,10343.90857142858
461,2019-07-14,10174.18,6,2019-07-08,10150.83000000001,10284.584285714296
462,2019-07-13,11355.76,5,2019-07-08,10789.553333333346,10372.517142857152
463,2019-07-12,11757.22,4,2019-07-08,11095.72000000001,10551.507142857154
464,2019-07-11,11342.89,3,2019-07-08,11485.29000000001,10653.754285714296
465,2019-07-10,12108.37,2,2019-07-08,11736.16000000001,11002.39000000001
466,2019-07-09,12543.41,1,2019-07-08,11998.223333333342,11445.792857142867
467,2019-07-08,12238.6,0,2019-07-08,12296.793333333342,11645.775714285726
468,2019-07-07,11406.24,6,2019-07-01,12062.750000000007,11821.784285714297
469,2019-07-06,11256.49,5,2019-07-01,11633.776666666672,11807.60285714287
470,2019-07-05,10970.73,4,2019-07-01,11211.153333333337,11695.247142857155
471,2019-07-04,11145.67,3,2019-07-01,11124.29666666667,11667.072857142868
472,2019-07-03,11940.0,2,2019-07-01,11352.133333333339,11643.020000000013
473,2019-07-02,10842.85,1,2019-07-01,11309.506666666673,11400.08285714287
474,2019-07-01,10624.93,0,2019-07-01,11135.926666666674,11169.558571428584
475,2019-06-30,10854.1,6,2019-06-24,10773.960000000006,11090.68142857144
476,2019-06-29,11903.13,5,2019-06-24,11127.386666666673,11183.058571428584
477,2019-06-28,12400.63,4,2019-06-24,11719.286666666672,11387.330000000014
478,2019-06-27,11329.99,3,2019-06-24,11877.916666666672,11413.661428571444
479,2019-06-26,13093.8,2,2019-06-24,12274.806666666673,11578.490000000016
480,2019-06-25,11820.86,1,2019-06-24,12081.550000000008,11718.205714285728
481,2019-06-24,11056.59,0,2019-06-24,11990.416666666673,11779.871428571441
482,2019-06-23,10906.07,6,2019-06-17,11261.17333333334,11787.295714285729
483,2019-06-22,10729.5,5,2019-06-17,10897.386666666673,11619.634285714299
484,2019-06-21,10159.86,4,2019-06-17,10598.476666666673,11299.524285714298
485,2019-06-20,9517.12,3,2019-06-17,10135.49333333334,11040.542857142867
486,2019-06-19,9255.49,2,2019-06-17,9644.156666666671,10492.212857142868
487,2019-06-18,9081.55,1,2019-06-17,9284.720000000007,10100.88285714287
488,2019-06-17,9313.96,0,2019-06-17,9217.000000000005,9851.935714285724
489,2019-06-16,8953.33,6,2019-06-10,9116.280000000006,9572.97285714287
490,2019-06-15,8808.7,5,2019-06-10,9025.330000000007,9298.572857142868
491,2019-06-14,8650.0,4,2019-06-10,8804.010000000007,9082.878571428582
492,2019-06-13,8218.54,3,2019-06-10,8559.080000000007,8897.367142857156
493,2019-06-12,8127.64,2,2019-06-10,8332.060000000007,8736.245714285727
494,2019-06-11,7884.9,1,2019-06-10,8077.026666666672,8565.295714285729
495,2019-06-10,7982.75,0,2019-06-10,7998.430000000005,8375.122857142871
496,2019-06-09,7628.13,6,2019-06-03,7831.926666666673,8185.808571428584
497,2019-06-08,7893.62,5,2019-06-03,7834.8333333333385,8055.08285714287
498,2019-06-07,7980.53,4,2019-06-03,7834.093333333338,7959.4442857142985
499,2019-06-06,7786.7,3,2019-06-03,7886.950000000004,7897.752857142869
500,2019-06-05,7776.5,2,2019-06-03,7847.910000000004,7847.590000000012
501,2019-06-04,7687.03,1,2019-06-03,7750.076666666671,7819.322857142869
502,2019-06-03,8115.82,0,2019-06-03,7859.783333333337,7838.332857142869
503,2019-06-02,8725.98,6,2019-05-27,8176.276666666671,7995.168571428584
504,2019-06-01,8544.07,5,2019-05-27,8461.95666666667,8088.090000000012
505,2019-05-31,8555.0,4,2019-05-27,8608.350000000004,8170.157142857155
506,2019-05-30,8269.54,3,2019-05-27,8456.203333333337,8239.134285714299
507,2019-05-29,8645.68,2,2019-05-27,8490.073333333336,8363.30285714287
508,2019-05-28,8715.64,1,2019-05-27,8543.620000000003,8510.247142857155
509,2019-05-27,8756.32,0,2019-05-27,8705.880000000003,8601.747142857153
510,2019-05-26,8614.43,6,2019-05-20,8695.463333333335,8585.81142857144
511,2019-05-25,8025.41,5,2019-05-20,8465.386666666667,8511.717142857155
512,2019-05-24,7964.87,4,2019-05-20,8201.570000000002,8427.41285714287
513,2019-05-23,7851.51,3,2019-05-20,7947.263333333336,8367.694285714297
514,2019-05-22,7628.43,2,2019-05-20,7814.936666666669,8222.37285714287
515,2019-05-21,7904.87,1,2019-05-20,7794.936666666669,8106.548571428583
516,2019-05-20,7938.15,0,2019-05-20,7823.816666666668,7989.667142857155
517,2019-05-19,8148.48,6,2019-05-13,7997.166666666668,7923.102857142869
518,2019-05-18,7257.45,5,2019-05-13,7781.3600000000015,7813.394285714297
519,2019-05-17,7355.26,4,2019-05-13,7587.063333333334,7726.307142857155
520,2019-05-16,7866.59,3,2019-05-13,7493.100000000001,7728.46142857144
521,2019-05-15,8169.87,2,2019-05-13,7797.240000000001,7805.810000000011
522,2019-05-14,7947.56,1,2019-05-13,7994.673333333335,7811.908571428582
523,2019-05-13,7790.71,0,2019-05-13,7969.380000000001,7790.845714285724
524,2019-05-12,6967.31,6,2019-05-06,7568.5266666666685,7622.107142857153
525,2019-05-11,7076.22,5,2019-05-06,7278.080000000002,7596.217142857154
526,2019-05-10,6373.33,4,2019-05-06,6805.620000000003,7455.941428571439
527,2019-05-09,6209.18,3,2019-05-06,6552.910000000003,7219.168571428583
528,2019-05-08,5987.29,2,2019-05-06,6189.933333333335,6907.3714285714395
529,2019-05-07,5846.34,1,2019-05-06,6014.270000000001,6607.197142857154
530,2019-05-06,5747.79,0,2019-05-06,5860.473333333335,6315.35142857144
531,2019-05-05,5775.62,6,2019-04-29,5789.916666666668,6145.110000000012
532,2019-05-04,5829.45,5,2019-04-29,5784.286666666668,5967.000000000012
533,2019-05-03,5772.69,4,2019-04-29,5792.586666666667,5881.194285714298
534,2019-05-02,5492.87,3,2019-04-29,5698.336666666667,5778.864285714298
535,2019-05-01,5383.2,2,2019-04-29,5549.586666666667,5692.565714285725
536,2019-04-30,5320.81,1,2019-04-29,5398.960000000002,5617.490000000012
537,2019-04-29,5238.14,0,2019-04-29,5314.050000000002,5544.682857142869
538,2019-04-28,5307.52,6,2019-04-22,5288.823333333335,5477.811428571439
539,2019-04-27,5295.69,5,2019-04-22,5280.450000000001,5401.560000000011
540,2019-04-26,5314.1,4,2019-04-22,5305.770000000001,5336.047142857154
541,2019-04-25,5219.9,3,2019-04-22,5276.563333333335,5297.051428571439
542,2019-04-24,5415.0,2,2019-04-22,5316.333333333336,5301.594285714296
543,2019-04-23,5493.31,1,2019-04-22,5376.070000000002,5326.237142857154
544,2019-04-22,5357.14,0,2019-04-22,5421.81666666667,5343.237142857154
545,2019-04-21,5256.14,6,2019-04-15,5368.863333333337,5335.897142857153
546,2019-04-20,5291.73,5,2019-04-15,5301.670000000003,5335.331428571438
547,2019-04-19,5258.68,4,2019-04-15,5268.850000000003,5327.414285714295
548,2019-04-18,5258.44,3,2019-04-15,5269.6166666666695,5332.92000000001
549,2019-04-17,5202.82,2,2019-04-15,5239.980000000003,5302.608571428581
550,2019-04-16,5173.72,1,2019-04-15,5211.6600000000035,5256.952857142867
551,2019-04-15,5024.95,0,2019-04-15,5133.8300000000045,5209.4971428571525
552,2019-04-14,5131.3,6,2019-04-08,5109.990000000004,5191.662857142867
553,2019-04-13,5045.22,5,2019-04-08,5067.15666666667,5156.447142857154
554,2019-04-12,5048.01,4,2019-04-08,5074.843333333337,5126.35142857144
555,2019-04-11,5017.37,3,2019-04-08,5036.8666666666695,5091.912857142868
556,2019-04-10,5308.25,2,2019-04-08,5124.543333333336,5106.974285714297
557,2019-04-09,5150.0,1,2019-04-08,5158.540000000003,5103.585714285726
558,2019-04-08,5236.9,0,2019-04-08,5231.71666666667,5133.864285714298
559,2019-04-07,5170.27,6,2019-04-01,5185.723333333336,5139.43142857144
560,2019-04-06,5043.89,5,2019-04-01,5150.353333333336,5139.241428571439
561,2019-04-05,5004.95,4,2019-04-01,5073.03666666667,5133.09000000001
562,2019-04-04,4898.66,3,2019-04-01,4982.500000000004,5116.131428571438
563,2019-04-03,4932.6,2,2019-04-01,4945.403333333338,5062.467142857152
564,2019-04-02,4857.29,1,2019-04-01,4896.183333333338,5020.6514285714375
565,2019-04-01,4144.56,0,2019-04-01,4644.816666666672,4864.602857142866
566,2019-03-31,4103.95,6,2019-03-25,4368.600000000005,4712.271428571436
567,2019-03-30,4106.97,5,2019-03-25,4118.493333333338,4578.425714285722
568,2019-03-29,4103.25,4,2019-03-25,4104.723333333338,4449.611428571437
569,2019-03-28,4027.81,3,2019-03-25,4079.343333333338,4325.204285714293
570,2019-03-27,4038.05,2,2019-03-25,4056.370000000004,4197.411428571437
571,2019-03-26,3948.55,1,2019-03-25,4004.803333333337,4067.5914285714366
572,2019-03-25,3936.12,0,2019-03-25,3974.2400000000034,4037.8142857142934
573,2019-03-24,3992.18,6,2019-03-18,3958.950000000003,4021.8471428571506
574,2019-03-23,4006.01,5,2019-03-18,3978.103333333336,4007.424285714293
575,2019-03-22,3986.93,4,2019-03-18,3995.040000000003,3990.80714285715
576,2019-03-21,3980.64,3,2019-03-18,3991.1933333333363,3984.0685714285787
577,2019-03-20,4043.04,2,2019-03-18,4003.53666666667,3984.781428571436
578,2019-03-19,4015.53,1,2019-03-18,4013.0700000000033,3994.350000000007
579,2019-03-18,3987.81,0,2019-03-18,4015.460000000003,4001.7342857142935
580,2019-03-17,3981.14,6,2019-03-11,3994.82666666667,4000.1571428571506
581,2019-03-16,4005.98,5,2019-03-11,3991.6433333333366,4000.1528571428644
582,2019-03-15,3923.76,4,2019-03-11,3970.2933333333367,3991.128571428579
583,2019-03-14,3877.12,3,2019-03-11,3935.620000000004,3976.3400000000074
584,2019-03-13,3866.0,2,2019-03-11,3888.960000000004,3951.0485714285787
585,2019-03-12,3882.73,1,2019-03-11,3875.283333333337,3932.07714285715
586,2019-03-11,3871.61,0,2019-03-11,3873.4466666666704,3915.4771428571503
587,2019-03-10,3916.82,6,2019-03-04,3890.3866666666704,3906.288571428579
588,2019-03-09,3943.04,5,2019-03-04,3910.490000000004,3897.2971428571504
589,2019-03-08,3864.89,4,2019-03-04,3908.2500000000036,3888.88714285715
590,2019-03-07,3873.64,3,2019-03-04,3893.85666666667,3888.390000000007
591,2019-03-06,3861.84,2,2019-03-04,3866.790000000003,3887.7957142857217
592,2019-03-05,3857.73,1,2019-03-04,3864.403333333337,3884.224285714293
593,2019-03-04,3715.3,0,2019-03-04,3811.6233333333366,3861.894285714293
594,2019-03-03,3807.75,6,2019-02-25,3793.5933333333364,3846.3128571428642
595,2019-03-02,3819.93,5,2019-02-25,3780.993333333337,3828.725714285721
596,2019-03-01,3823.0,4,2019-02-25,3816.893333333337,3822.741428571436
597,2019-02-28,3813.69,3,2019-02-25,3818.873333333337,3814.1771428571496
598,2019-02-27,3818.07,2,2019-02-25,3818.253333333337,3807.9242857142926
599,2019-02-26,3809.23,1,2019-02-25,3813.663333333337,3800.995714285721
600,2019-02-25,3827.92,0,2019-02-25,3818.40666666667,3817.084285714293
601,2019-02-24,3743.56,6,2019-02-18,3793.5700000000033,3807.9142857142933
602,2019-02-23,4117.76,5,2019-02-18,3896.413333333337,3850.4614285714365
603,2019-02-22,3962.0,4,2019-02-18,3941.10666666667,3870.318571428579
604,2019-02-21,3937.31,3,2019-02-18,4005.6900000000037,3887.9785714285795
605,2019-02-20,3969.74,2,2019-02-18,3956.3500000000035,3909.645714285722
606,2019-02-19,3907.79,1,2019-02-18,3938.280000000004,3923.7257142857225
607,2019-02-18,3898.6,0,2019-02-18,3925.3766666666706,3933.822857142865
608,2019-02-17,3667.58,6,2019-02-11,3824.656666666671,3922.9685714285793
609,2019-02-16,3618.41,5,2019-02-11,3728.1966666666704,3851.6328571428644
610,2019-02-15,3602.47,4,2019-02-11,3629.48666666667,3800.271428571436
611,2019-02-14,3590.56,3,2019-02-11,3603.8133333333367,3750.7357142857218
612,2019-02-13,3609.4,2,2019-02-11,3600.810000000003,3699.258571428579
613,2019-02-12,3631.46,1,2019-02-11,3610.473333333337,3659.782857142865
614,2019-02-11,3631.05,0,2019-02-11,3623.9700000000043,3621.5614285714364
615,2019-02-10,3680.06,6,2019-02-04,3647.5233333333376,3623.3442857142936
616,2019-02-09,3665.18,5,2019-02-04,3658.7633333333374,3630.025714285722
617,2019-02-08,3659.04,4,2019-02-04,3668.093333333338,3638.107142857151
618,2019-02-07,3398.4,3,2019-02-04,3574.206666666671,3610.6557142857223
619,2019-02-06,3405.37,2,2019-02-04,3487.6033333333376,3581.5085714285788
620,2019-02-05,3471.59,1,2019-02-04,3425.120000000004,3558.670000000008
621,2019-02-04,3463.22,0,2019-02-04,3446.7266666666706,3534.6942857142935
622,2019-02-03,3458.11,6,2019-01-28,3464.306666666671,3502.9871428571505
623,2019-02-02,3504.77,5,2019-01-28,3475.366666666671,3480.071428571436
624,2019-02-01,3462.07,4,2019-01-28,3474.9833333333377,3451.9328571428646
625,2019-01-31,3434.1,3,2019-01-28,3466.9800000000046,3457.0328571428645
626,2019-01-30,3458.18,2,2019-01-28,3451.4500000000044,3464.57714285715
627,2019-01-29,3411.04,1,2019-01-28,3434.4400000000046,3455.9271428571506
628,2019-01-28,3434.15,0,2019-01-28,3434.456666666671,3451.7742857142935
629,2019-01-27,3550.84,6,2019-01-21,3465.343333333338,3465.021428571436
630,2019-01-26,3565.25,5,2019-01-21,3516.746666666671,3473.661428571436
631,2019-01-25,3565.29,4,2019-01-21,3560.4600000000046,3488.4071428571506
632,2019-01-24,3569.62,3,2019-01-21,3566.720000000005,3507.7671428571507
633,2019-01-23,3552.82,2,2019-01-21,3562.5766666666714,3521.2871428571502
634,2019-01-22,3570.93,1,2019-01-21,3564.456666666671,3544.128571428579
635,2019-01-21,3526.9,0,2019-01-21,3550.216666666671,3557.378571428579
636,2019-01-20,3539.28,6,2019-01-14,3545.703333333338,3555.7271428571503
637,2019-01-19,3665.3,5,2019-01-14,3577.160000000005,3570.0200000000073
638,2019-01-18,3594.87,4,2019-01-14,3599.816666666671,3574.245714285721
639,2019-01-17,3616.21,3,2019-01-14,3625.4600000000046,3580.9014285714356
640,2019-01-16,3591.84,2,2019-01-14,3600.9733333333375,3586.475714285721
641,2019-01-15,3553.06,1,2019-01-14,3587.0366666666705,3583.9228571428644
642,2019-01-14,3626.09,0,2019-01-14,3590.330000000004,3598.092857142864
643,2019-01-13,3476.81,6,2019-01-07,3551.9866666666708,3589.1685714285786
644,2019-01-12,3583.13,5,2019-01-07,3562.010000000004,3577.4300000000076
645,2019-01-11,3601.31,4,2019-01-07,3553.7500000000036,3578.350000000008
646,2019-01-10,3585.88,3,2019-01-07,3590.1066666666707,3574.017142857151
647,2019-01-09,3966.65,2,2019-01-07,3717.9466666666704,3627.561428571437
648,2019-01-08,3955.13,1,2019-01-07,3835.886666666671,3685.000000000008
649,2019-01-07,3975.45,0,2019-01-07,3965.743333333337,3734.9085714285798
650,2019-01-06,3987.6,6,2018-12-31,3972.7266666666706,3807.8785714285796
651,2019-01-05,3770.96,5,2018-12-31,3911.3366666666698,3834.7114285714365
652,2019-01-04,3792.01,4,2018-12-31,3850.1900000000037,3861.9542857142937
653,2019-01-03,3766.78,3,2018-12-31,3776.583333333337,3887.7971428571504
654,2019-01-02,3858.56,2,2018-12-31,3805.7833333333365,3872.3557142857217
655,2019-01-01,3797.14,1,2018-12-31,3807.493333333336,3849.7857142857215
656,2018-12-31,3702.9,0,2018-12-31,3786.2000000000025,3810.850000000007
657,2018-12-30,3801.91,6,2018-12-24,3767.3166666666693,3784.322857142865
658,2018-12-29,3695.32,5,2018-12-24,3733.3766666666693,3773.5171428571507
659,2018-12-28,3839.26,4,2018-12-24,3778.830000000003,3780.2671428571507
660,2018-12-27,3567.91,3,2018-12-24,3700.830000000003,3751.857142857151
661,2018-12-26,3777.74,2,2018-12-24,3728.3033333333365,3740.3114285714364
662,2018-12-25,3745.79,1,2018-12-24,3697.1466666666693,3732.9757142857225
663,2018-12-24,4008.01,0,2018-12-24,3843.8466666666695,3776.5628571428647
664,2018-12-23,3929.71,6,2018-12-17,3894.503333333336,3794.8200000000074
665,2018-12-22,3948.91,5,2018-12-17,3962.2100000000028,3831.0471428571504
666,2018-12-21,3838.66,4,2018-12-17,3905.7600000000025,3830.9614285714365
667,2018-12-20,4049.62,3,2018-12-17,3945.730000000003,3899.7771428571505
668,2018-12-19,3662.22,2,2018-12-17,3850.1666666666697,3883.274285714294
669,2018-12-18,3652.98,1,2018-12-17,3788.2733333333363,3870.015714285722
670,2018-12-17,3509.08,0,2018-12-17,3608.0933333333364,3798.7400000000075
671,2018-12-16,3228.67,6,2018-12-10,3463.57666666667,3698.5914285714357
672,2018-12-15,3211.72,5,2018-12-10,3316.4900000000034,3593.2785714285787
673,2018-12-14,3224.17,4,2018-12-10,3221.5200000000036,3505.4942857142933
674,2018-12-13,3302.06,3,2018-12-10,3245.9833333333368,3398.700000000008
675,2018-12-12,3445.0,2,2018-12-10,3323.743333333337,3367.668571428579
676,2018-12-11,3380.39,1,2018-12-10,3375.81666666667,3328.7271428571507
677,2018-12-10,3432.88,0,2018-12-10,3419.4233333333364,3317.8414285714366
678,2018-12-09,3545.37,6,2018-12-03,3452.8800000000033,3363.0842857142934
679,2018-12-08,3410.93,5,2018-12-03,3463.0600000000036,3391.5428571428647
680,2018-12-07,3403.55,4,2018-12-03,3453.2833333333365,3417.1685714285786
681,2018-12-06,3508.75,3,2018-12-03,3441.07666666667,3446.6957142857214
682,2018-12-05,3769.84,2,2018-12-03,3560.713333333337,3493.101428571436
683,2018-12-04,3951.64,1,2018-12-03,3743.4100000000035,3574.7085714285786
684,2018-12-03,3884.01,0,2018-12-03,3868.49666666667,3639.1557142857214
685,2018-12-02,4161.01,6,2018-11-26,3998.8866666666704,3727.104285714293
686,2018-12-01,4190.02,5,2018-11-26,4078.3466666666704,3838.4028571428644
687,2018-11-30,4041.32,4,2018-11-26,4130.783333333337,3929.5128571428645
688,2018-11-29,4295.84,3,2018-11-26,4175.72666666667,4041.954285714293
689,2018-11-28,4264.85,2,2018-11-26,4200.670000000003,4112.670000000007
690,2018-11-27,3875.21,1,2018-11-26,4145.300000000003,4101.751428571436
691,2018-11-26,3862.2,0,2018-11-26,4000.7533333333363,4098.635714285721
692,2018-11-25,4085.78,6,2018-11-19,3941.0633333333367,4087.888571428578
693,2018-11-24,3932.44,5,2018-11-19,3960.140000000003,4051.091428571435
694,2018-11-23,4420.61,4,2018-11-19,4146.276666666669,4105.275714285721
695,2018-11-22,4370.0,3,2018-11-19,4241.016666666669,4115.870000000006
696,2018-11-21,4661.07,2,2018-11-19,4483.893333333336,4172.472857142864
697,2018-11-20,4558.86,1,2018-11-19,4529.976666666669,4270.13714285715
698,2018-11-19,4910.03,0,2018-11-19,4709.9866666666685,4419.82714285715
699,2018-11-18,5662.0,6,2018-11-12,5043.630000000002,4645.001428571436
700,2018-11-17,5628.29,5,2018-11-12,5400.106666666669,4887.2657142857215
701,2018-11-16,5655.94,4,2018-11-12,5648.743333333336,5063.741428571436
702,2018-11-15,5753.4,3,2018-11-12,5679.210000000002,5261.370000000008
703,2018-11-14,5922.41,2,2018-11-12,5777.250000000001,5441.561428571437
704,2018-11-13,6457.66,1,2018-11-12,6044.490000000002,5712.818571428579
705,2018-11-12,6453.07,0,2018-11-12,6277.713333333336,5933.252857142865
706,2018-11-11,6449.81,6,2018-11-05,6453.513333333336,6045.79714285715
707,2018-11-10,6433.05,5,2018-11-05,6445.310000000002,6160.762857142865
708,2018-11-09,6419.99,4,2018-11-05,6434.283333333336,6269.912857142865
709,2018-11-08,6479.84,3,2018-11-05,6444.293333333335,6373.690000000008
710,2018-11-07,6578.46,2,2018-11-05,6492.763333333335,6467.411428571436
711,2018-11-06,6519.11,1,2018-11-05,6525.803333333334,6476.190000000007
712,2018-11-05,6468.99,0,2018-11-05,6522.186666666667,6478.464285714292
713,2018-11-04,6485.85,6,2018-10-29,6491.316666666668,6483.6128571428635
714,2018-11-03,6387.09,5,2018-10-29,6447.310000000001,6477.047142857149
715,2018-11-02,6433.98,4,2018-10-29,6435.640000000002,6479.04571428572
716,2018-11-01,6410.0,3,2018-10-29,6410.356666666669,6469.068571428577
717,2018-10-31,6371.93,2,2018-10-29,6405.303333333336,6439.564285714291
718,2018-10-30,6330.87,1,2018-10-29,6370.933333333335,6412.672857142863
719,2018-10-29,6344.5,0,2018-10-29,6349.100000000002,6394.888571428578
720,2018-10-28,6489.93,6,2018-10-22,6388.433333333335,6395.471428571435
721,2018-10-27,6505.6,5,2018-10-22,6446.67666666667,6412.401428571435
722,2018-10-26,6538.63,4,2018-10-22,6511.38666666667,6427.351428571434
723,2018-10-25,6528.09,3,2018-10-22,6524.10666666667,6444.2214285714335
724,2018-10-24,6565.5,2,2018-10-22,6544.073333333336,6471.874285714291
725,2018-10-23,6553.51,1,2018-10-22,6549.0333333333365,6503.680000000005
726,2018-10-22,6581.2,0,2018-10-22,6566.73666666667,6537.49428571429
727,2018-10-21,6590.11,6,2018-10-15,6574.940000000003,6551.805714285719
728,2018-10-20,6588.4,5,2018-10-15,6586.570000000002,6563.63428571429
729,2018-10-19,6528.88,4,2018-10-15,6569.130000000002,6562.241428571433
730,2018-10-18,6618.96,3,2018-10-15,6578.746666666669,6575.222857142861
731,2018-10-17,6740.89,2,2018-10-15,6629.576666666668,6600.278571428576
732,2018-10-16,6759.27,1,2018-10-15,6706.373333333334,6629.672857142861
733,2018-10-15,6752.5,0,2018-10-15,6750.886666666668,6654.14428571429
734,2018-10-14,6339.34,6,2018-10-08,6617.036666666668,6618.320000000005
735,2018-10-13,6332.93,5,2018-10-08,6474.923333333335,6581.82428571429
736,2018-10-12,6298.01,4,2018-10-08,6323.426666666669,6548.842857142862
737,2018-10-11,6252.68,3,2018-10-08,6294.540000000002,6496.517142857148
738,2018-10-10,6631.0,2,2018-10-08,6393.896666666668,6480.818571428577
739,2018-10-09,6656.61,1,2018-10-08,6513.430000000003,6466.152857142863
740,2018-10-08,6673.01,0,2018-10-08,6653.540000000004,6454.797142857148
741,2018-10-07,6615.26,6,2018-10-01,6648.293333333338,6494.214285714292
742,2018-10-06,6594.27,5,2018-10-01,6627.513333333337,6531.548571428578
743,2018-10-05,6635.65,4,2018-10-01,6615.060000000002,6579.782857142864
744,2018-10-04,6593.79,3,2018-10-01,6607.9033333333355,6628.512857142864
745,2018-10-03,6510.0,2,2018-10-01,6579.813333333335,6611.227142857149
746,2018-10-02,6525.79,1,2018-10-01,6543.193333333336,6592.5385714285785
747,2018-10-01,6611.61,0,2018-10-01,6549.133333333336,6583.767142857149
748,2018-09-30,6626.57,6,2018-09-24,6587.9900000000025,6585.382857142863
749,2018-09-29,6596.38,5,2018-09-24,6611.520000000003,6585.684285714291
750,2018-09-28,6634.58,4,2018-09-24,6619.176666666669,6585.531428571434
751,2018-09-27,6689.13,3,2018-09-24,6640.0300000000025,6599.151428571434
752,2018-09-26,6465.12,2,2018-09-24,6596.2766666666685,6592.740000000005
753,2018-09-25,6447.54,1,2018-09-24,6533.930000000003,6581.561428571434
754,2018-09-24,6581.39,0,2018-09-24,6498.016666666669,6577.2442857142905
755,2018-09-23,6708.0,6,2018-09-17,6578.976666666669,6588.877142857148
756,2018-09-22,6723.05,5,2018-09-17,6670.813333333335,6606.972857142863
757,2018-09-21,6759.02,4,2018-09-17,6730.023333333335,6624.750000000006
758,2018-09-20,6492.0,3,2018-09-17,6658.023333333335,6596.588571428578
759,2018-09-19,6391.89,2,2018-09-17,6547.636666666669,6586.127142857149
760,2018-09-18,6336.45,1,2018-09-17,6406.7800000000025,6570.257142857148
761,2018-09-17,6248.69,0,2018-09-17,6325.676666666669,6522.728571428577
762,2018-09-16,6505.0,6,2018-09-10,6363.380000000002,6493.728571428577
763,2018-09-15,6514.96,5,2018-09-10,6422.883333333335,6464.001428571434
764,2018-09-14,6476.63,4,2018-09-10,6498.8633333333355,6423.660000000005
765,2018-09-13,6487.38,3,2018-09-10,6492.9900000000025,6423.0000000000055
766,2018-09-12,6338.62,2,2018-09-10,6434.210000000003,6415.390000000006
767,2018-09-11,6294.91,1,2018-09-10,6373.636666666669,6409.455714285721
768,2018-09-10,6312.0,0,2018-09-10,6315.176666666669,6418.500000000006
769,2018-09-09,6250.81,6,2018-09-03,6285.9066666666695,6382.1871428571485
770,2018-09-08,6185.05,5,2018-09-03,6249.28666666667,6335.057142857149
771,2018-09-07,6395.54,4,2018-09-03,6277.133333333336,6323.472857142864
772,2018-09-06,6516.01,3,2018-09-03,6365.5333333333365,6327.562857142865
773,2018-09-05,6700.0,2,2018-09-03,6537.183333333337,6379.188571428579
774,2018-09-04,7359.06,1,2018-09-03,6858.35666666667,6531.210000000006
775,2018-09-03,7263.02,0,2018-09-03,7107.360000000003,6667.070000000007
776,2018-09-02,7302.01,6,2018-08-27,7308.030000000003,6817.241428571436
777,2018-09-01,7200.01,5,2018-08-27,7255.013333333337,6962.235714285722
778,2018-08-31,7011.21,4,2018-08-27,7171.0766666666705,7050.188571428579
779,2018-08-30,6984.84,3,2018-08-27,7065.353333333337,7117.164285714292
780,2018-08-29,7031.22,2,2018-08-27,7009.090000000004,7164.481428571436
781,2018-08-28,7076.11,1,2018-08-27,7030.723333333338,7124.060000000007
782,2018-08-27,6908.64,0,2018-08-27,7005.323333333337,7073.434285714293
783,2018-08-26,6700.0,6,2018-08-20,6894.916666666671,6987.432857142864
784,2018-08-25,6733.64,5,2018-08-20,6780.760000000003,6920.808571428578
785,2018-08-24,6681.64,4,2018-08-20,6705.093333333337,6873.727142857149
786,2018-08-23,6525.01,3,2018-08-20,6646.763333333336,6808.037142857151
787,2018-08-22,6360.89,2,2018-08-20,6522.513333333336,6712.275714285722
788,2018-08-21,6480.0,1,2018-08-20,6455.300000000003,6627.11714285715
789,2018-08-20,6254.84,0,2018-08-20,6365.2433333333365,6533.71714285715
790,2018-08-19,6477.53,6,2018-08-13,6404.123333333337,6501.935714285721
791,2018-08-18,6387.96,5,2018-08-13,6373.443333333336,6452.552857142864
792,2018-08-17,6584.49,4,2018-08-13,6483.326666666669,6438.674285714292
793,2018-08-16,6311.75,3,2018-08-13,6428.066666666669,6408.208571428578
794,2018-08-15,6267.16,2,2018-08-13,6387.800000000003,6394.818571428577
795,2018-08-14,6188.08,1,2018-08-13,6255.6633333333375,6353.11571428572
796,2018-08-13,6246.35,0,2018-08-13,6233.863333333337,6351.902857142863
797,2018-08-12,6308.33,6,2018-08-06,6247.586666666671,6327.731428571434
798,2018-08-11,6232.35,5,2018-08-06,6262.343333333338,6305.501428571434
799,2018-08-10,6144.01,4,2018-08-06,6228.230000000006,6242.57571428572
800,2018-08-09,6529.79,3,2018-08-06,6302.050000000006,6273.724285714292
801,2018-08-08,6285.0,2,2018-08-06,6319.600000000006,6276.272857142864
802,2018-08-07,6720.06,1,2018-08-06,6511.616666666673,6352.270000000006
803,2018-08-06,6934.82,0,2018-08-06,6646.626666666673,6450.622857142864
804,2018-08-05,7024.19,6,2018-07-30,6893.023333333339,6552.888571428578
805,2018-08-04,7009.84,5,2018-07-30,6989.616666666672,6663.958571428578
806,2018-08-03,7418.78,4,2018-07-30,7150.936666666672,6846.068571428577
807,2018-08-02,7525.71,3,2018-07-30,7318.110000000005,6988.342857142862
808,2018-08-01,7604.58,2,2018-07-30,7516.356666666673,7176.854285714291
809,2018-07-31,7730.93,1,2018-07-30,7620.406666666673,7321.264285714292
810,2018-07-30,8173.92,0,2018-07-30,7836.476666666674,7498.278571428577
811,2018-07-29,8211.0,6,2018-07-23,8038.616666666673,7667.822857142863
812,2018-07-28,8225.04,5,2018-07-23,8203.320000000007,7841.422857142862
813,2018-07-27,8188.57,4,2018-07-23,8208.20333333334,7951.392857142862
814,2018-07-26,7920.0,3,2018-07-23,8111.203333333341,8007.720000000006
815,2018-07-25,8175.64,2,2018-07-23,8094.736666666674,8089.300000000005
816,2018-07-24,8397.24,1,2018-07-23,8164.293333333339,8184.487142857148
817,2018-07-23,7721.01,0,2018-07-23,8097.96333333334,8119.785714285719
818,2018-07-22,7394.79,6,2018-07-16,7837.680000000008,8003.184285714291
819,2018-07-21,7398.78,5,2018-07-16,7504.860000000008,7885.147142857148
820,2018-07-20,7337.53,4,2018-07-16,7377.03333333334,7763.570000000005
821,2018-07-19,7466.21,3,2018-07-16,7400.8400000000065,7698.742857142862
822,2018-07-18,7381.9,2,2018-07-16,7395.21333333334,7585.351428571434
823,2018-07-17,7317.44,1,2018-07-16,7388.516666666674,7431.094285714292
824,2018-07-16,6723.35,0,2018-07-16,7140.896666666675,7288.571428571434
825,2018-07-15,6353.01,6,2018-07-09,6797.933333333342,7139.745714285719
826,2018-07-14,6251.99,5,2018-07-09,6442.783333333341,6975.918571428577
827,2018-07-13,6214.57,4,2018-07-09,6273.190000000007,6815.495714285719
828,2018-07-12,6250.57,3,2018-07-09,6239.043333333339,6641.832857142863
829,2018-07-11,6378.07,2,2018-07-09,6281.070000000007,6498.428571428577
830,2018-07-10,6296.91,1,2018-07-09,6308.516666666674,6352.638571428576
831,2018-07-09,6662.12,0,2018-07-09,6445.700000000007,6343.891428571434
832,2018-07-08,6712.1,6,2018-07-02,6557.043333333339,6395.190000000004
833,2018-07-07,6756.98,5,2018-07-02,6710.400000000006,6467.331428571432
834,2018-07-06,6609.78,4,2018-07-02,6692.953333333339,6523.790000000004
835,2018-07-05,6529.2,3,2018-07-02,6631.986666666674,6563.594285714289
836,2018-07-04,6586.98,2,2018-07-02,6575.320000000007,6593.438571428575
837,2018-07-03,6513.86,1,2018-07-02,6543.3466666666745,6624.431428571434
838,2018-07-02,6615.29,0,2018-07-02,6572.043333333341,6617.741428571433
839,2018-07-01,6356.81,6,2018-06-25,6495.320000000008,6566.985714285719
840,2018-06-30,6390.07,5,2018-06-25,6454.056666666675,6514.570000000005
841,2018-06-29,6197.92,4,2018-06-25,6314.933333333342,6455.732857142862
842,2018-06-28,5853.98,3,2018-06-25,6147.323333333341,6359.2728571428615
843,2018-06-27,6133.73,2,2018-06-25,6061.876666666674,6294.5228571428615
844,2018-06-26,6070.78,1,2018-06-25,6019.496666666673,6231.225714285719
845,2018-06-25,6252.0,0,2018-06-25,6152.170000000006,6179.327142857147
846,2018-06-24,6136.97,6,2018-06-18,6153.250000000007,6147.921428571433
847,2018-06-23,6149.98,5,2018-06-18,6179.650000000008,6113.622857142863
848,2018-06-22,6045.0,4,2018-06-18,6110.650000000008,6091.777142857149
849,2018-06-21,6718.84,3,2018-06-18,6304.606666666674,6215.3285714285785
850,2018-06-20,6761.51,2,2018-06-18,6508.450000000008,6305.011428571435
851,2018-06-19,6741.21,1,2018-06-18,6740.520000000008,6400.78714285715
852,2018-06-18,6712.46,0,2018-06-18,6738.393333333341,6466.5671428571495
853,2018-06-17,6449.61,6,2018-06-11,6634.426666666674,6511.230000000006
854,2018-06-16,6483.98,5,2018-06-11,6548.683333333341,6558.944285714292
855,2018-06-15,6388.9,4,2018-06-11,6440.830000000006,6608.0728571428635
856,2018-06-14,6635.98,3,2018-06-11,6502.953333333339,6596.235714285722
857,2018-06-13,6292.78,2,2018-06-11,6439.220000000006,6529.274285714293
858,2018-06-12,6530.0,1,2018-06-11,6486.253333333339,6499.1014285714355
859,2018-06-11,6872.0,0,2018-06-11,6564.926666666673,6521.892857142864
860,2018-06-10,6764.99,6,2018-06-04,6722.330000000006,6566.94714285715
861,2018-06-09,7491.73,5,2018-06-04,7042.906666666673,6710.911428571436
862,2018-06-08,7603.44,4,2018-06-04,7286.720000000006,6884.41714285715
863,2018-06-07,7691.08,3,2018-06-04,7595.416666666674,7035.145714285721
864,2018-06-06,7658.84,2,2018-06-04,7651.120000000007,7230.297142857149
865,2018-06-05,7625.0,1,2018-06-04,7658.306666666675,7386.725714285721
866,2018-06-04,7487.0,0,2018-06-04,7590.280000000009,7474.582857142864
867,2018-06-03,7714.26,6,2018-05-28,7608.753333333342,7610.192857142864
868,2018-06-02,7640.03,5,2018-05-28,7613.763333333342,7631.378571428579
869,2018-06-01,7521.01,4,2018-05-28,7625.100000000009,7619.602857142864
870,2018-05-31,7485.01,3,2018-05-28,7548.683333333342,7590.164285714293
871,2018-05-30,7375.96,2,2018-05-28,7460.660000000008,7549.752857142864
872,2018-05-29,7461.29,1,2018-05-28,7440.753333333341,7526.365714285721
873,2018-05-28,7099.0,0,2018-05-28,7312.08333333334,7470.937142857149
874,2018-05-27,7338.99,6,2018-05-21,7299.760000000007,7417.327142857149
875,2018-05-26,7333.96,5,2018-05-21,7257.316666666673,7373.602857142863
876,2018-05-25,7457.0,4,2018-05-21,7376.650000000006,7364.458571428578
877,2018-05-24,7575.01,3,2018-05-21,7455.323333333341,7377.315714285721
878,2018-05-23,7501.95,2,2018-05-21,7511.320000000008,7395.314285714291
879,2018-05-22,7977.11,1,2018-05-21,7684.690000000009,7469.002857142863
880,2018-05-21,8381.24,0,2018-05-21,7953.433333333342,7652.180000000006
881,2018-05-20,8526.98,6,2018-05-14,8295.110000000008,7821.892857142862
882,2018-05-19,8233.49,5,2018-05-14,8380.570000000007,7950.397142857148
883,2018-05-18,8239.81,4,2018-05-14,8333.426666666674,8062.227142857148
884,2018-05-17,8041.46,3,2018-05-14,8171.586666666673,8128.862857142862
885,2018-05-16,8330.0,2,2018-05-14,8203.756666666675,8247.155714285718
886,2018-05-15,8462.0,1,2018-05-14,8277.820000000009,8316.425714285719
887,2018-05-14,8663.34,0,2018-05-14,8485.113333333344,8356.725714285718
888,2018-05-13,8679.71,6,2018-05-07,8601.683333333343,8378.54428571429
889,2018-05-12,8465.94,5,2018-05-07,8602.996666666679,8411.751428571433
890,2018-05-11,8400.0,4,2018-05-07,8515.216666666678,8434.63571428572
891,2018-05-10,9002.2,3,2018-05-07,8622.713333333346,8571.884285714292
892,2018-05-09,9310.0,2,2018-05-07,8904.066666666678,8711.88428571429
893,2018-05-08,9187.56,1,2018-05-07,9166.586666666677,8815.53571428572
894,2018-05-07,9365.0,0,2018-05-07,9287.52000000001,8915.772857142862
895,2018-05-06,9659.01,6,2018-04-30,9403.856666666676,9055.672857142861
896,2018-05-05,9864.0,5,2018-04-30,9629.336666666677,9255.395714285716
897,2018-05-04,9713.99,4,2018-04-30,9745.666666666677,9443.108571428575
898,2018-05-03,9750.0,3,2018-04-30,9775.996666666675,9549.937142857147
899,2018-05-02,9247.84,2,2018-04-30,9570.61000000001,9541.057142857146
900,2018-05-01,9071.48,1,2018-04-30,9356.44000000001,9524.474285714288
901,2018-04-30,9246.01,0,2018-04-30,9188.443333333344,9507.475714285716
902,2018-04-29,9419.0,6,2018-04-23,9245.496666666677,9473.188571428575
903,2018-04-28,9348.0,5,2018-04-23,9337.670000000011,9399.474285714288
904,2018-04-27,8915.35,4,2018-04-23,9227.450000000012,9285.382857142862
905,2018-04-26,9266.0,3,2018-04-23,9176.450000000012,9216.240000000003
906,2018-04-25,8869.99,2,2018-04-23,9017.113333333344,9162.261428571433
907,2018-04-24,9619.99,1,2018-04-23,9251.993333333345,9240.620000000006
908,2018-04-23,8934.01,0,2018-04-23,9141.33000000001,9196.048571428577
909,2018-04-22,8787.02,6,2018-04-16,9113.673333333347,9105.765714285719
910,2018-04-21,8915.31,5,2018-04-16,8878.780000000013,9043.952857142862
911,2018-04-20,8856.98,4,2018-04-16,8853.103333333345,9035.61428571429
912,2018-04-19,8278.0,3,2018-04-16,8683.430000000011,8894.47142857143
913,2018-04-18,8173.0,2,2018-04-16,8435.993333333347,8794.901428571431
914,2018-04-17,7885.02,1,2018-04-16,8112.006666666682,8547.048571428573
915,2018-04-16,8064.92,0,2018-04-16,8040.980000000015,8422.89285714286
916,2018-04-15,8355.0,6,2018-04-09,8101.646666666682,8361.175714285719
917,2018-04-14,7999.01,5,2018-04-09,8139.643333333349,8230.275714285717
918,2018-04-13,7877.41,4,2018-04-09,8077.140000000017,8090.337142857147
919,2018-04-12,7923.0,3,2018-04-09,7933.140000000017,8039.622857142861
920,2018-04-11,6953.79,2,2018-04-09,7584.733333333349,7865.450000000004
921,2018-04-10,6843.9,1,2018-04-09,7240.230000000017,7716.718571428575
922,2018-04-09,6782.72,0,2018-04-09,6860.136666666684,7533.547142857147
923,2018-04-08,7018.0,6,2018-04-02,6881.540000000016,7342.547142857147
924,2018-04-07,6895.8,5,2018-04-02,6898.840000000016,7184.945714285719
925,2018-04-06,6601.39,4,2018-04-02,6838.396666666682,7002.657142857148
926,2018-04-05,6770.76,3,2018-04-02,6755.983333333349,6838.0514285714335
927,2018-04-04,6796.1,2,2018-04-02,6722.7500000000155,6815.52428571429
928,2018-04-03,7405.21,1,2018-04-02,6990.690000000016,6895.711428571433
929,2018-04-02,7056.0,0,2018-04-02,7085.770000000016,6934.751428571433
930,2018-04-01,6813.01,6,2018-03-26,7091.406666666684,6905.467142857147
931,2018-03-31,6923.91,5,2018-03-26,6930.973333333351,6909.482857142862
932,2018-03-30,6840.23,4,2018-03-26,6859.0500000000175,6943.6028571428615
933,2018-03-29,7090.14,3,2018-03-26,6951.426666666684,6989.228571428575
934,2018-03-28,7949.3,2,2018-03-26,7293.22333333335,7153.9714285714335
935,2018-03-27,7795.51,1,2018-03-26,7611.650000000017,7209.728571428576
936,2018-03-26,8134.23,0,2018-03-26,7959.680000000018,7363.761428571433
937,2018-03-25,8470.15,6,2018-03-19,8133.296666666684,7600.495714285718
938,2018-03-24,8546.86,5,2018-03-19,8383.746666666686,7832.345714285718
939,2018-03-23,8898.03,4,2018-03-19,8638.346666666685,8126.317142857147
940,2018-03-22,8722.9,3,2018-03-19,8722.596666666685,8359.568571428576
941,2018-03-21,8885.0,2,2018-03-19,8835.310000000018,8493.240000000003
942,2018-03-20,8909.98,1,2018-03-19,8839.29333333335,8652.450000000003
943,2018-03-19,8600.0,0,2018-03-19,8798.326666666682,8718.988571428576
944,2018-03-18,8189.99,6,2018-03-12,8566.656666666682,8678.96571428572
945,2018-03-17,7824.8,5,2018-03-12,8204.930000000017,8575.81428571429
946,2018-03-16,8260.0,4,2018-03-12,8091.596666666684,8484.667142857146
947,2018-03-15,8240.98,3,2018-03-12,8108.59333333335,8415.821428571431
948,2018-03-14,8170.0,2,2018-03-12,8223.660000000016,8313.678571428576
949,2018-03-13,9150.0,1,2018-03-12,8520.326666666684,8347.967142857147
950,2018-03-12,9131.34,0,2018-03-12,8817.113333333351,8423.872857142862
951,2018-03-11,9533.57,6,2018-03-05,9271.636666666682,8615.81285714286
952,2018-03-10,8770.22,5,2018-03-05,9145.04333333335,8750.87285714286
953,2018-03-09,9227.0,4,2018-03-05,9176.930000000017,8889.015714285717
954,2018-03-08,9271.64,3,2018-03-05,9089.620000000017,9036.25285714286
955,2018-03-07,9910.0,2,2018-03-05,9469.546666666683,9284.824285714289
956,2018-03-06,10716.48,1,2018-03-05,9966.040000000017,9508.607142857145
957,2018-03-05,11454.0,0,2018-03-05,10693.493333333352,9840.415714285717
958,2018-03-04,11515.0,6,2018-02-26,11228.493333333352,10123.477142857146
959,2018-03-03,11464.48,5,2018-02-26,11477.826666666684,10508.371428571432
960,2018-03-02,11039.0,4,2018-02-26,11339.493333333352,10767.228571428574
961,2018-03-01,10920.0,3,2018-02-26,11141.160000000018,11002.708571428575
962,2018-02-28,10326.76,2,2018-02-26,10761.920000000018,11062.245714285717
963,2018-02-27,10569.04,1,2018-02-26,10605.266666666686,11041.18285714286
964,2018-02-26,10324.0,0,2018-02-26,10406.60000000002,10879.754285714287
965,2018-02-25,9590.0,6,2018-02-19,10161.013333333352,10604.754285714287
966,2018-02-24,9694.51,5,2018-02-19,9869.503333333354,10351.901428571431
967,2018-02-23,10131.04,4,2018-02-19,9805.183333333354,10222.192857142858
968,2018-02-22,9811.04,3,2018-02-19,9878.863333333355,10063.770000000002
969,2018-02-21,10437.6,2,2018-02-19,10126.56000000002,10079.60428571429
970,2018-02-20,11200.99,1,2018-02-19,10483.21000000002,10169.88285714286
971,2018-02-19,11153.0,0,2018-02-19,10930.530000000019,10288.311428571431
972,2018-02-18,10383.43,6,2018-02-12,10912.473333333352,10401.658571428574
973,2018-02-17,11039.55,5,2018-02-12,10858.66000000002,10593.807142857146
974,2018-02-16,10159.98,4,2018-02-12,10527.653333333355,10597.941428571432
975,2018-02-15,10000.09,3,2018-02-12,10399.873333333353,10624.948571428573
976,2018-02-14,9449.99,2,2018-02-12,9870.02000000002,10483.86142857143
977,2018-02-13,8539.9,1,2018-02-12,9329.993333333352,10103.705714285714
978,2018-02-12,8903.0,0,2018-02-12,8964.296666666685,9782.277142857143
979,2018-02-11,8063.88,6,2018-02-05,8502.260000000018,9450.91285714286
980,2018-02-10,8533.98,5,2018-02-05,8500.286666666683,9092.974285714286
981,2018-02-09,8683.92,4,2018-02-05,8427.260000000017,8882.108571428573
982,2018-02-08,7784.02,3,2018-02-05,8333.973333333348,8565.527142857145
983,2018-02-07,7599.0,2,2018-02-05,8022.313333333349,8301.100000000002
984,2018-02-06,7652.14,1,2018-02-05,7678.386666666683,8174.277142857146
985,2018-02-05,6939.99,0,2018-02-05,7397.0433333333485,7893.847142857146
986,2018-02-04,8184.81,6,2018-01-29,7592.313333333349,7911.12285714286
987,2018-02-03,9199.96,5,2018-01-29,8108.253333333349,8006.26285714286
988,2018-02-02,8873.03,4,2018-01-29,8752.600000000015,8033.278571428576
989,2018-02-01,9224.52,3,2018-01-29,9099.170000000016,8239.06428571429
990,2018-01-31,10285.1,2,2018-01-29,9460.883333333351,8622.792857142862
991,2018-01-30,10237.51,1,2018-01-29,9915.71000000002,8992.131428571432
992,2018-01-29,11251.0,0,2018-01-29,10591.203333333351,9607.990000000003
993,2018-01-28,11879.95,6,2018-01-22,11122.82000000002,10135.867142857145
994,2018-01-27,11491.0,5,2018-01-22,11540.650000000018,10463.158571428574
995,2018-01-26,11089.0,4,2018-01-22,11486.650000000018,10779.725714285716
996,2018-01-25,11175.27,3,2018-01-22,11251.756666666688,11058.404285714289
997,2018-01-24,11349.99,2,2018-01-22,11204.753333333354,11210.53142857143
998,2018-01-23,10799.18,1,2018-01-22,11108.146666666687,11290.770000000004
999,2018-01-22,10760.05,0,2018-01-22,10969.74000000002,11220.63428571429
